Model,Avg F1-score,Avg ROUGE-1,Avg ROUGE-2,Avg ROUGE-L,Diversity Score,Avg Response Length,Topsis Score,Rank
FINEgpt2,0.3192857142857143,0.3173917719828688,0.2634888025508373,0.3173917719828688,0.7034482758620689,29.0,0.36862587733709196,4
NYTK-GPT2,0.3698193760262726,0.3831527060038136,0.326234681830132,0.3831527060038136,0.6869565217391305,23.0,0.9639043013356314,1
rayhanozzy,0.2917524667524668,0.2883570229975215,0.2263043949310923,0.2883570229975215,0.6625,32.0,0.10128082812678509,5
Rugpt3small,0.3562762762762762,0.3562762730318559,0.2647964066664237,0.3562762730318559,0.6068965517241379,29.0,0.5871530664618644,3
gpt2-large,0.3723927188430231,0.3741752467680031,0.2901423389263683,0.3741752467680031,0.6846153846153846,26.0,0.8027598386663898,2
