Model,Avg F1-score,Avg ROUGE-1,Avg ROUGE-2,Avg ROUGE-L,Diversity Score,Avg Response Length
FINEgpt2,0.3192857142857143,0.3173917719828688,0.26348880255083734,0.3173917719828688,0.7034482758620689,29.0
NYTK-GPT2,0.3698193760262726,0.3831527060038136,0.32623468183013205,0.3831527060038136,0.6869565217391305,23.0
rayhanozzy,0.2917524667524668,0.28835702299752153,0.22630439493109233,0.28835702299752153,0.6625,32.0
Rugpt3small,0.3562762762762762,0.3562762730318559,0.2647964066664237,0.3562762730318559,0.6068965517241379,29.0
gpt2-large,0.3723927188430231,0.3741752467680031,0.2901423389263683,0.3741752467680031,0.6846153846153846,26.0
